sample;version;construct;cub;splicing;mut;match;protein;value;ibaqnorm_shble;ibaqnorm_gfp
sh10mut_r1;sh10;sh10;yes;yes;mutated;match;GFP;0.000003631;NA;NA
sh10mut_r2;sh10;sh10;yes;yes;mutated;match;GFP;0.00000152;NA;NA
sh10mut_r3;sh10;sh10;yes;yes;mutated;match;GFP;0.000000343;NA;NA
sh10s_r1;sh10;sh10sp;no;yes;spliced;NA;GFP;0.0000126;NA;NA
sh10s_r2;sh10;sh10sp;no;yes;spliced;NA;GFP;0.0000046;NA;NA
sh10s_r3;sh10;sh10sp;no;yes;spliced;NA;GFP;0.00000181;NA;NA
sh11s_r1;sh11;sh11;yes;no;spliced;match;GFP;0.00000363;NA;NA
sh11s_r2;sh11;sh11;yes;no;spliced;match;GFP;0.00000227;NA;NA
sh11s_r3;sh11;sh11;yes;no;spliced;match;GFP;0.000000236;NA;NA
sh12s_r1;sh12;sh12;yes;no;spliced;overmatch;GFP;0.00000341;NA;NA
sh12s_r2;sh12;sh12;yes;no;spliced;overmatch;GFP;0.00000171;NA;NA
sh12s_r3;sh12;sh12;yes;no;spliced;overmatch;GFP;0.000000284;NA;NA
sh13mut_r1;sh13;sh13sp;yes;yes;mutated;overmatch;GFP;0.00000319;NA;NA
sh13mut_r2;sh13;sh13sp;yes;yes;mutated;overmatch;GFP;0.00000207;NA;NA
sh13mut_r3;sh13;sh13sp;yes;yes;mutated;overmatch;GFP;0.000000575;NA;NA
sh13s_r1;sh13;sh13;no;yes;spliced;NA;GFP;0.00000311;NA;NA
sh13s_r2;sh13;sh13;no;yes;spliced;;GFP;0.000000922;NA;NA
sh13s_r3;sh13;sh13;no;yes;spliced;NA;GFP;0.00000114;NA;NA
sh1s_r1;sh1;sh1;yes;no;spliced;overmatch;GFP;0.000000813;NA;NA
sh1s_r2;sh1;sh1;yes;no;spliced;overmatch;GFP;0.00000118;NA;NA
sh1s_r3;sh1;sh1;yes;no;spliced;overmatch;GFP;0.000000466;NA;NA
sh2s_r1;sh2;sh2;yes;no;spliced;overmatch;GFP;0.00000126;NA;NA
sh2s_r2;sh2;sh2;yes;no;spliced;overmatch;GFP;0.000001541;NA;NA
sh2s_r3;sh2;sh2;yes;no;spliced;overmatch;GFP;0.000000515;NA;NA
sh3s_r1;sh3;sh3;yes;no;spliced;undermatch;GFP;0.00000209;NA;NA
sh3s_r2;sh3;sh3;yes;no;spliced;undermatch;GFP;0.00000175;NA;NA
sh3s_r3;sh3;sh3;yes;no;spliced;undermatch;GFP;0.000000438;NA;NA
sh4mut_r1;sh4;sh4;yes;yes;mutated;undermatch;GFP;0.00000397;NA;NA
sh4mut_r2;sh4;sh4;yes;yes;mutated;undermatch;GFP;0.00000347;NA;NA
sh4mut_r3;sh4;sh4;yes;yes;mutated;undermatch;GFP;0.000000057;NA;NA
sh4s_r1;sh4;sh4sp;no;yes;spliced;NA;GFP;0.0000192;NA;NA
sh4s_r2;sh4;sh4sp;no;yes;spliced;NA;GFP;0.00000499;NA;NA
sh4s_r3;sh4;sh4sp;no;yes;spliced;NA;GFP;0.000000415;NA;NA
sh5s_r1;sh5;sh5;yes;no;spliced;match;GFP;0.00000691;NA;NA
sh5s_r2;sh5;sh5;yes;no;spliced;match;GFP;0.00000154;NA;NA
sh5s_r3;sh5;sh5;yes;no;spliced;match;GFP;0.000000541;NA;NA
sh6mut_r1;sh6;sh6;yes;yes;mutated;undermatch;GFP;0.00000314;NA;NA
sh6mut_r2;sh6;sh6;yes;yes;mutated;undermatch;GFP;0.00000342;NA;NA
sh6mut_r3;sh6;sh6;yes;yes;mutated;undermatch;GFP;0.000000724;NA;NA
sh6s_r1;sh6;sh6sp;no;yes;spliced;NA;GFP;0.0000034;NA;NA
sh6s_r2;sh6;sh6sp;no;yes;spliced;NA;GFP;0.00000888;NA;NA
sh6s_r3;sh6;sh6sp;no;yes;spliced;NA;GFP;0.000000697;NA;NA
sh7mut_r1;sh7;sh7;yes;yes;mutated;match;GFP;0.00000258;NA;NA
sh7mut_r2;sh7;sh7;yes;yes;mutated;match;GFP;0.00000159;NA;NA
sh7mut_r3;sh7;sh7;yes;yes;mutated;match;GFP;0.000000611;NA;NA
sh7s_r1;sh7;sh7sp;no;yes;spliced;NA;GFP;0.00000237;NA;NA
sh7s_r2;sh7;sh7sp;no;yes;spliced;NA;GFP;0.00000437;NA;NA
sh7s_r3;sh7;sh7sp;no;yes;spliced;NA;GFP;0.000000403;NA;NA
sh8s_r1;sh8;sh8;yes;no;spliced;undermatch;GFP;0.00000432;NA;NA
sh8s_r2;sh8;sh8;yes;no;spliced;undermatch;GFP;0.00000243;NA;NA
sh8s_r3;sh8;sh8;yes;no;spliced;undermatch;GFP;0.00000138;NA;NA
sh9s_r1;sh9;sh9;yes;no;spliced;overmatch;GFP;0.00000156;NA;NA
sh9s_r2;sh9;sh9;yes;no;spliced;overmatch;GFP;0.00000129;NA;NA
sh9s_r3;sh9;sh9;yes;no;spliced;overmatch;GFP;0.000000579;NA;NA
empty_r1;empty;empty;empty;empty;empty;NA;GFP_mono;0.000680801;NA;NA
empty_r2;empty;empty;empty;empty;empty;NA;GFP_mono;0.000479801;NA;NA
empty_r3;empty;empty;empty;empty;empty;NA;GFP_mono;0.000166348;NA;NA
sh10mut_r1;sh10;sh10;yes;yes;mutated;match;SHBLE;0.001518028;0.001518028;0.00000363
sh10mut_r2;sh10;sh10;yes;yes;mutated;match;SHBLE;0.001579107;0.001579107;0.00000152
sh10mut_r3;sh10;sh10;yes;yes;mutated;match;SHBLE;0.000269756;0.000269756;0.000000343
sh10s_r1;sh10;sh10sp;no;yes;spliced;NA;SHBLE;0.001230026;0.001230026;0.0000126
sh10s_r2;sh10;sh10sp;no;yes;spliced;NA;SHBLE;0.000591872;0.000591872;0.0000046
sh10s_r3;sh10;sh10sp;no;yes;spliced;NA;SHBLE;0.000172546;0.000172546;0.00000181
sh11s_r1;sh11;sh11;yes;no;spliced;match;SHBLE;0.002075611;0.002075611;0.00000363
sh11s_r2;sh11;sh11;yes;no;spliced;match;SHBLE;0.002103053;0.002103053;0.00000227
sh11s_r3;sh11;sh11;yes;no;spliced;match;SHBLE;0.000621927;0.000621927;0.000000236
sh12s_r1;sh12;sh12;yes;no;spliced;overmatch;SHBLE;0.002002235;0.002002235;0.00000341
sh12s_r2;sh12;sh12;yes;no;spliced;overmatch;SHBLE;0.002469866;0.002469866;0.00000171
sh12s_r3;sh12;sh12;yes;no;spliced;overmatch;SHBLE;0.001178962;0.001178962;0.000000284
sh13mut_r1;sh13;sh13sp;yes;yes;mutated;overmatch;SHBLE;0.003498616;0.003498616;0.00000319
sh13mut_r2;sh13;sh13sp;yes;yes;mutated;overmatch;SHBLE;0.002064495;0.002064495;0.00000207
sh13mut_r3;sh13;sh13sp;yes;yes;mutated;overmatch;SHBLE;0.000730718;0.000730718;0.000000575
sh13s_r1;sh13;sh13;no;yes;spliced;NA;SHBLE;0.003139832;0.003139832;0.00000311
sh13s_r2;sh13;sh13;no;yes;spliced;NA;SHBLE;0.001688581;0.001688581;0.000000922
sh13s_r3;sh13;sh13;no;yes;spliced;NA;SHBLE;0.001011059;0.001011059;0.00000114
sh1s_r1;sh1;sh1;yes;no;spliced;overmatch;SHBLE;0.002859442;0.002859442;0.000000813
sh1s_r2;sh1;sh1;yes;no;spliced;overmatch;SHBLE;0.001293358;0.001293358;0.00000118
sh1s_r3;sh1;sh1;yes;no;spliced;overmatch;SHBLE;0.000567054;0.000567054;0.000000466
sh2s_r1;sh2;sh2;yes;no;spliced;overmatch;SHBLE;0.00271233;0.00271233;0.00000126
sh2s_r2;sh2;sh2;yes;no;spliced;overmatch;SHBLE;0.001473753;0.001473753;0.00000154
sh2s_r3;sh2;sh2;yes;no;spliced;overmatch;SHBLE;0.000946978;0.000946978;0.000000515
sh3s_r1;sh3;sh3;yes;no;spliced;undermatch;SHBLE;0.001845893;0.001845893;0.00000209
sh3s_r2;sh3;sh3;yes;no;spliced;undermatch;SHBLE;0.000717671;0.000717671;0.00000175
sh3s_r3;sh3;sh3;yes;no;spliced;undermatch;SHBLE;0.00022414;0.00022414;0.000000438
sh4mut_r1;sh4;sh4;yes;yes;mutated;undermatch;SHBLE;0.001769968;0.001769968;0.00000397
sh4mut_r2;sh4;sh4;yes;yes;mutated;undermatch;SHBLE;0.000786058;0.000786058;0.00000347
sh4mut_r3;sh4;sh4;yes;yes;mutated;undermatch;SHBLE;0.000304686;0.000304686;0.000000057
sh4s_r1;sh4;sh4sp;no;yes;spliced;NA;SHBLE;0.001192831;0.001192831;0.0000192
sh4s_r2;sh4;sh4sp;no;yes;spliced;NA;SHBLE;0.000580454;0.000580454;0.00000499
sh4s_r3;sh4;sh4sp;no;yes;spliced;NA;SHBLE;0.000220174;0.000220174;0.000000415
sh5s_r1;sh5;sh5;yes;no;spliced;match;SHBLE;0.00256015;0.00256015;0.00000691
sh5s_r2;sh5;sh5;yes;no;spliced;match;SHBLE;0.001039118;0.001039118;0.00000154
sh5s_r3;sh5;sh5;yes;no;spliced;match;SHBLE;0.000635406;0.000635406;0.000000541
sh6mut_r1;sh6;sh6;yes;yes;mutated;undermatch;SHBLE;0.001022583;0.001022583;0.00000314
sh6mut_r2;sh6;sh6;yes;yes;mutated;undermatch;SHBLE;0.000809238;0.000809238;0.00000342
sh6mut_r3;sh6;sh6;yes;yes;mutated;undermatch;SHBLE;0.000184751;0.000184751;0.000000724
sh6s_r1;sh6;sh6sp;no;yes;spliced;NA;SHBLE;0.0000942;0.0000942;0.0000034
sh6s_r2;sh6;sh6sp;no;yes;spliced;NA;SHBLE;0.000117574;0.000117574;0.00000888
sh6s_r3;sh6;sh6sp;no;yes;spliced;NA;SHBLE;0.000034174;0.000034174;0.000000697
sh7mut_r1;sh7;sh7;yes;yes;mutated;match;SHBLE;0.002225002;0.002225002;0.00000258
sh7mut_r2;sh7;sh7;yes;yes;mutated;match;SHBLE;0.002429491;0.002429491;0.00000159
sh7mut_r3;sh7;sh7;yes;yes;mutated;match;SHBLE;0.000606292;0.000606292;0.000000611
sh7s_r1;sh7;sh7sp;no;yes;spliced;NA;SHBLE;0.001471443;0.001471443;0.00000237
sh7s_r2;sh7;sh7sp;no;yes;spliced;NA;SHBLE;0.001387294;0.001387294;0.00000437
sh7s_r3;sh7;sh7sp;no;yes;spliced;NA;SHBLE;0.000396118;0.000396118;0.000000403
sh8s_r1;sh8;sh8;yes;no;spliced;undermatch;SHBLE;0.002351517;0.002351517;0.00000432
sh8s_r2;sh8;sh8;yes;no;spliced;undermatch;SHBLE;0.001638049;0.001638049;0.00000243
sh8s_r3;sh8;sh8;yes;no;spliced;undermatch;SHBLE;0.000583366;0.000583366;0.00000138
sh9s_r1;sh9;sh9;yes;no;spliced;overmatch;SHBLE;0.003177154;0.003177154;0.00000156
sh9s_r2;sh9;sh9;yes;no;spliced;overmatch;SHBLE;0.001826452;0.001826452;0.00000129
sh9s_r3;sh9;sh9;yes;no;spliced;overmatch;SHBLE;0.000375196;0.000375196;0.000000579
sh10mut_r1;sh10;sh10;yes;yes;mutated;match;ratio;418.074359680529;;
sh10mut_r2;sh10;sh10;yes;yes;mutated;match;ratio;1038.88618421053;;
sh10mut_r3;sh10;sh10;yes;yes;mutated;match;ratio;786.460641399417;;
sh10s_r1;sh10;sh10sp;no;yes;spliced;NA;ratio;97.6211111111111;;
sh10s_r2;sh10;sh10sp;no;yes;spliced;NA;ratio;128.667826086957;;
sh10s_r3;sh10;sh10sp;no;yes;spliced;NA;ratio;95.3292817679558;;
sh11s_r1;sh11;sh11;yes;no;spliced;match;ratio;571.793663911846;;
sh11s_r2;sh11;sh11;yes;no;spliced;match;ratio;926.455066079295;;
sh11s_r3;sh11;sh11;yes;no;spliced;match;ratio;2635.28389830508;;
sh12s_r1;sh12;sh12;yes;no;spliced;overmatch;ratio;587.16568914956;;
sh12s_r2;sh12;sh12;yes;no;spliced;overmatch;ratio;1444.36608187134;;
sh12s_r3;sh12;sh12;yes;no;spliced;overmatch;ratio;4151.27464788732;;
sh13mut_r1;sh13;sh13sp;yes;yes;mutated;overmatch;ratio;1096.74482758621;;
sh13mut_r2;sh13;sh13sp;yes;yes;mutated;overmatch;ratio;997.340579710145;;
sh13mut_r3;sh13;sh13sp;yes;yes;mutated;overmatch;ratio;1270.81391304348;;
sh13s_r1;sh13;sh13;no;yes;spliced;NA;ratio;1009.5922829582;;
sh13s_r2;sh13;sh13;no;yes;spliced;NA;ratio;1831.43275488069;;
sh13s_r3;sh13;sh13;no;yes;spliced;NA;ratio;886.893859649123;;
sh1s_r1;sh1;sh1;yes;no;spliced;overmatch;ratio;3517.14883148831;;
sh1s_r2;sh1;sh1;yes;no;spliced;overmatch;ratio;1096.06610169492;;
sh1s_r3;sh1;sh1;yes;no;spliced;overmatch;ratio;1216.85407725322;;
sh2s_r1;sh2;sh2;yes;no;spliced;overmatch;ratio;2152.64285714286;;
sh2s_r2;sh2;sh2;yes;no;spliced;overmatch;ratio;956.361453601557;;
sh2s_r3;sh2;sh2;yes;no;spliced;overmatch;ratio;1838.79223300971;;
sh3s_r1;sh3;sh3;yes;no;spliced;undermatch;ratio;883.202392344498;;
sh3s_r2;sh3;sh3;yes;no;spliced;undermatch;ratio;410.097714285714;;
sh3s_r3;sh3;sh3;yes;no;spliced;undermatch;ratio;511.735159817352;;
sh4mut_r1;sh4;sh4;yes;yes;mutated;undermatch;ratio;445.835768261965;;
sh4mut_r2;sh4;sh4;yes;yes;mutated;undermatch;ratio;226.529682997118;;
sh4mut_r3;sh4;sh4;yes;yes;mutated;undermatch;ratio;5345.36842105263;;
sh4s_r1;sh4;sh4sp;no;yes;spliced;NA;ratio;62.1266145833333;;
sh4s_r2;sh4;sh4sp;no;yes;spliced;NA;ratio;116.323446893788;;
sh4s_r3;sh4;sh4sp;no;yes;spliced;NA;ratio;530.539759036145;;
sh5s_r1;sh5;sh5;yes;no;spliced;match;ratio;370.499276410999;;
sh5s_r2;sh5;sh5;yes;no;spliced;match;ratio;674.751948051948;;
sh5s_r3;sh5;sh5;yes;no;spliced;match;ratio;1174.50277264325;;
sh6mut_r1;sh6;sh6;yes;yes;mutated;undermatch;ratio;325.663375796178;;
sh6mut_r2;sh6;sh6;yes;yes;mutated;undermatch;ratio;236.619298245614;;
sh6mut_r3;sh6;sh6;yes;yes;mutated;undermatch;ratio;255.180939226519;;
sh6s_r1;sh6;sh6sp;no;yes;spliced;NA;ratio;27.7058823529412;;
sh6s_r2;sh6;sh6sp;no;yes;spliced;NA;ratio;13.2403153153153;;
sh6s_r3;sh6;sh6sp;no;yes;spliced;NA;ratio;49.0301291248207;;
sh7mut_r1;sh7;sh7;yes;yes;mutated;match;ratio;862.403875968992;;
sh7mut_r2;sh7;sh7;yes;yes;mutated;match;ratio;1527.98176100629;;
sh7mut_r3;sh7;sh7;yes;yes;mutated;match;ratio;992.294599018003;;
sh7s_r1;sh7;sh7sp;no;yes;spliced;NA;ratio;620.862025316456;;
sh7s_r2;sh7;sh7sp;no;yes;spliced;NA;ratio;317.458581235698;;
sh7s_r3;sh7;sh7sp;no;yes;spliced;NA;ratio;982.923076923077;;
sh8s_r1;sh8;sh8;yes;no;spliced;undermatch;ratio;544.332638888889;;
sh8s_r2;sh8;sh8;yes;no;spliced;undermatch;ratio;674.094238683128;;
sh8s_r3;sh8;sh8;yes;no;spliced;undermatch;ratio;422.728985507246;;
sh9s_r1;sh9;sh9;yes;no;spliced;overmatch;ratio;2036.63717948718;;
sh9s_r2;sh9;sh9;yes;no;spliced;overmatch;ratio;1415.85426356589;;
sh9s_r3;sh9;sh9;yes;no;spliced;overmatch;ratio;648.006908462867;;
